{
  "A0000001": ["憲法"],
  "A0000002": ["憲法增修條文", "憲增"],
  "A0000007": ["受損權利回復條例"],
  "A0010030": ["真調會條例"],
  "A0010056": ["公懲會組織法"],
  "A0030028": ["國安法"],
  "A0030133": ["中標法"],
  "A0030155": ["公懲法"],
  "A0030159": ["大審法", "司審法"],
  "A0030161": ["證保法"],
  "A0040003": ["地制法"],
  "B0010001": ["民訴法"],
  "B0010004": ["強執法"],
  "C0000001": ["刑法"],
  "C0000008": ["毒品條例", "煙毒條例"],
  "C0000013": ["組織犯罪條例"],
  "C0010001": ["刑訴法"],
  "C0010009": ["冤賠法"],
  "C0010011": ["少年事件法"],
  "C0010027": ["速審法"],
  "D0020010": ["公職選罷法"],
  "D0020027": ["寺廟條例"],
  "D0020050": ["公投法"],
  "D0020053": ["總統選罷法"],
  "D0050001": ["兒少法"],
  "D0050023": ["兒少條例"],
  "D0050046": ["身權法"],
  "D0050071": ["家暴法"],
  "D0060008": ["減租條例"],
  "D0060009": ["平權條例"],
  "D0070081": ["國宅條例"],
  "D0080047": ["槍砲條例"],
  "D0080051": ["流氓條例"],
  "D0080058": ["集遊法"],
  "D0080067": ["社維法"],
  "D0080142": ["面談管理辦法"],
  "F0040003": ["軍官服役條例"],
  "F0040012": ["選訓服役辦法"],
  "F0120002": ["兵役條例"],
  "F0120008": ["軍審法"],
  "F0140009": ["戰士授田條例", "授田憑據處理條例"],
  "F0140013": ["眷村改建條例"],
  "G0320015": ["財支法"],
  "G0340012": ["公益團體免稅適用標準", "公益團體免稅標準"],
  "G0340072": ["遺贈法"],
  "G0340080": ["營業稅法"],
  "G0350029": ["緝私條例"],
  "G0360022": ["公債發行條例", "建設公債條例", "公債條例"],
  "G0380117": ["金融重建基金設置及管理條例"],
  "I0020004": ["國賠法"],
  "I0020028": ["兩公約施行法"],
  "I0050021": ["個資法"],
  "I0070008": ["利益衝突迴避法", "利益迴避法"],
  "J0040010": ["獎投條例"],
  "J0150002": ["公平法"],
  "J0170001": ["消保法"],
  "K0040007": ["汽燃費徵配辦法"],
  "K0040012": ["道交條例", "交通處罰條例"],
  "K0060044": ["通監法", "通保法"],
  "K0090001": ["民航法"],
  "K0090003": ["民航業管理規則"],
  "L0030010": ["麻醉藥品條例"],
  "L0050004": ["愛滋條例"],
  "L0060001": ["健保法", "全民健保法"],
  "M0020001": ["農發條例"],
  "M0060027": ["動保法"],
  "N0030001": ["勞基法"],
  "N0050001": ["勞保條例"],
  "N0090001": ["就服法"],
  "O0050004": ["廢棄物處理機構管輔辦法"],
  "O0110001": ["土污法"],
  "P0000008": ["通傳會組織法"],
  "Q0010001": ["兩岸關係條例", "兩岸條例"],
  "Q0010003": ["港澳條例"],
  "Q0020007": ["強制出境辦法"],
  "Q0060002": ["大陸人民入境辦法"],
  "S0030001": ["俸給法"],
  "S0070001": ["公保法"],
  "S0080016": ["政務人員退撫條例", "退撫條例"]
}